id,first_name,last_name,email,gender,ip_address
1,Ross,Ricart,rricart0@berkeley.edu,Male,217.151.154.186
2,Jenn,Pizer,jpizer1@usnews.com,Female,104.123.13.234
3,Delainey,Sulley,dsulley2@xing.com,Male,6.101.0.150
4,Nessie,Feirn,nfeirn3@samsung.com,Female,97.93.173.170
5,Noami,Flanner,nflanner4@woothemes.com,Female,174.228.138.242
6,Cordy,Vitet,cvitet5@nba.com,Male,80.252.61.114
7,Florida,Learmond,flearmond6@com.com,Female,44.108.220.208
8,Brennen,Kegan,bkegan7@fastcompany.com,Male,8.144.189.184
9,Grange,Pirkis,gpirkis8@e-recht24.de,Male,14.42.66.190
10,Eolande,Dowthwaite,edowthwaite9@comsenz.com,Female,152.214.172.169
